Label, Id
Cassana Estermont,0
Merchant captain,1
Fennesz,2
Musician 5 (The Door),3
Valryon,4
Jaremy Mallister,5
Gold cloaks,6
Sword fighting wight,7
Unella,8
Monica Velaryon,9
Joseth Umber,10
Brandon Stark (the Breaker),11
Jesse Magee,12
Selyse Baratheon,13
Ryon Forrester,14
Kevan Lannister,15
White Walker 1 (Winter is Coming),16
Eunuchs,17
Red Priestess (No One),18
Rickard Karstark,19
Samwell,20
Aemond Targaryen,21
Thermund,22
Jeffory Mallister,23
Old woman prisoner,24
Rognar II Greyiron,25
Daenys Targaryen,26
Erik,27
Dothraki widow 2,28
Baelor Targaryen (son of Daeron II),29
Spice King,30
High Septon (After the riot of King's Landing),31
Gabrielle Dempsey,32
The Faith of the Seven,33
Daena Targaryen,34
Mole's Town madam,35
Aegon V,36
Donnel Hill,37
Selyse Florent,38
Lannister soldier (No One),39
Army of the Dead,40
House Strong,41
Freys,42
Gareth Umber,43
Septa Unella,44
Iona Clarke,45
Crossroads Inn patron 2,46
Grey King,47
Braavosi captain,48
Dothraki crone,49
Dolorous Edd,50
Goldcloak (The Wolf and the Lion),51
Marya Seaworth,52
Gerold Hightower,53
Sexuality,54
Strong Sam Stone,55
Night's King,56
Haro,57
Cooper,58
Mance Rayder,59
Beric Dondarrion,60
Maester Aemon,61
Tyrion Lannister,62
Ser Loras Tyrell,63
House Blackfyre,64
Valyrian slave,65
Ilyn Payne,66
Winston Davis,67
Todder,68
Prisoner,69
Rodrik Cassel,70
Eyrie Guard,71
Willa,72
Fruit vendor,73
Niko,74
Willem Frey,75
Wildings,76
Bezzaq,77
Usurper,78
Murmison,79
Qartheen Woman,80
Gold Cloak 1 (Lord Snow),81
Bolton soldier (Walk of Punishment),82
Sandor,83
Nagga,84
Jaqen H'ghar,85
Dorian Hightower's second wife,86
House Lannister,87
Symon Hollard,88
Ash,89
Tom (coal boy),90
Lord Eddard Stark,91
Melisandre,92
Brotherhood member,93
Hodor,94
Blackmont (Lord),95
Luke,96
Isabelle Jones,97
Ashara Dayne,98
Wars of Conquest,99
Grag,100
Otto Hightower,101
Beskha,102
Lem,103
Meera Reed,104
Three-eyed raven,105
Lord Redwyne,106
Dwarf 5,107
Meria Martell,108
Stark soldier 2,109
Sailor (The Dance of Dragons),110
Steelshanks,111
Aerion Brightflame,112
Maester Cressen,113
Bronn,114
Knights of the Vale,115
Riverlands traveller,116
Actress playing Margaery Tyrell,117
The Red,118
Durran,119
Clare Louise Connolly,120
Nymeria (direwolf),121
Benjen Stark,122
Red Priestess,123
Lynesse Mormont,124
Black Walder,125
Malcolm,126
Joanna Lannister,127
Aegon Targaryen (Son of Rhaegar),128
Harys,129
Dwarf Hunter 2,130
Lyanna Mormont,131
Natasha Loring,132
Myrcella,133
Yara Greyjoy,134
Jazzy de Lisser,135
Raewyn Lippert,136
Warg King,137
Mero,138
Elia Targaryen,139
Cregan Stark,140
Arthur (little bird),141
Knight of the Laughing Tree,142
Tourney Herald,143
Walton,144
Laws of the Seven Kingdoms,145
Dorna,146
Joffrey Baratheon,147
Robert's Rebellion,148
White Walker 2 (Winter is Coming),149
Skinchanger,150
Dom,151
Gold Cloak 2 (Eastwatch),152
Cats,153
Daenerys Targaryen's invasion of Westeros,154
Harrag,155
Gilly's baby,156
Aggo,157
Matthar,158
Lyman Lannister,159
A King falls to Darkness,160
Arry,161
Robert I Baratheon,162
Bastard's Girls,163
Jon Snow and Daenerys Targaryen,164
Argilac,165
Hothor Umber,166
Faith of the seven,167
Great Master 1 (Breaker of Chains),168
Zalla,169
Theon,170
War of Conquest,171
Vulture King,172
Cynda Lannister,173
Craster's wife 2 (Oathkeeper),174
The Scourge,175
Malakho,176
Jon Connington,177
Rat Cook,178
Tommy,179
White Rat,180
Meereenese Champion,181
Stafford Lannister,182
House Poole,183
Sellsword,184
Aenys Targaryen,185
Cupbearer,186
Oliver Stockwell,187
Hugh (Telltale),188
Minisa Tully,189
Loreza Sand,190
Law of the Seven Kingdoms,191
Steffon (turnip cart driver),192
Lucan Umber,193
Little Bird (The Mountain and the Viper),194
Baratheon soldier,195
Malko,196
Dancer,197
House Tyrell (Histories & Lore),198
Commard Karstark,199
Missandei and Grey Worm,200
Unsullied 1 (Valar Dohaeris),201
Stark Officer 1,202
Guest right,203
Ella Tweed,204
White Walker (The Night Lands),205
Davos Dayne,206
Braavosi woman 1 (The Door),207
Joshua Sher,208
Lannister Bannerman 1,209
Raymun Darry,210
Aegon II,211
Stark officer 2,212
Finn Umber,213
Joby,214
Randyll Tarly,215
Cheese,216
Janeya Frey,217
House Florent,218
Forrester-Whitehill Conflict,219
Pycelle,220
Tormund Giantsbane,221
Stark,222
Gwayne Corbray,223
Jojen Reed,224
Tully,225
Gunthor,226
King Robert,227
Cleon,228
Dwarf 3,229
Gerhard Forrester,230
Flaying,231
Duncan Liddle,232
Albin Manwoody,233
Symun Fossoway,234
Deirdre Monaghan,235
Hizdahr zo Loraq's manservant,236
First Clegane,237
Jon Arryn,238
Moro,239
Quaithe,240
Ronnel Arryn (King),241
Merry Frey,242
Whore (Two Swords),243
White Walker (Hardhome),244
Corlys Wells,245
Visions,246
Ramsay Bolton,247
Kegs,248
White walker,249
Slave,250
Talbot,251
Malcolm Branfield,252
Violet,253
Assassination of Renly I,254
Crossroads inn patron 1,255
Laws and Customs,256
Mace,257
Olly's mother,258
Argalia Baratheon,259
Moro's wife 2,260
Marei,261
House Greyjoy (Histories & Lore),262
House Mallister,263
Actor playing Eddard Stark,264
Arthur Glenmore,265
Caleotte,266
Reyne,267
King Joffrey,268
Little Bird,269
Goatherd's son,270
Ryger Rivers,271
Aerys I Targaryen,272
Wildling girl,273
Kyra,274
Dezhor zo Raza,275
Meera,276
Simon Fossoway,277
Barbo,278
The Mountain That Rides,279
Dwarf hunter 2,280
Pyat Pree,281
Army of the dead,282
Rhaenyra Targaryen,283
Drunk man,284
Doran Martell,285
Ulf,286
Karstark lookout,287
Runcel Hightower,288
Greatjon,289
Goldcloak 2 (Lord Snow),290
Barry McGovern,291
Theron,292
Olenna,293
Queen Regent,294
Vayon Poole,295
Tom (Video Game),296
Toad,297
Conor Watters,298
Willis Wode,299
Ned Stark,300
Baelor Breakspear,301
Bolton soldier (The Red Woman),302
Maggy,303
Ramsay Snow,304
Paxter,305
Samantha Bentley,306
Mycah Umber,307
Lannister guardsman (Garden of Bones),308
Hobb,309
Deep Ones,310
The Bastard of Bolton,311
Brandon Stark (Son of Eddard),312
Laurence Karstark,313
Shrykos,314
David Coakley,315
Xaro,316
Cleos Umber,317
Newborn Bolton,318
Jonos Bracken,319
Catspaw,320
Rob,321
Beric Dayne,322
Glamour,323
Freya Frey,324
Garlan Tyrell,325
Valyrians,326
Morgana Umber,327
Tommard Baratheon,328
Red Viper,329
Jory Cassel,330
Gregor Forrester,331
Robin Hill,332
Petra Tallhart,333
Pyp,334
Martyn Lannister,335
Qarlton Chelsted,336
Sansa Stark,337
Baelish (father of Petyr),338
Bowen Marsh,339
Artys I Arryn,340
House Slynt,341
Stranger,342
Barra,343
Drennan,344
Great Houses,345
Matthos Seaworth,346
Lost Legion,347
Temple of the Dosh Khaleen,348
Ramsay,349
Johanna Lannister,350
Lady,351
Sam Stone,352
Second Sons,353
Mummer 1,354
Lysa Tully,355
Morag,356
Harry Strickland,357
Lorren,358
Edric Baratheon,359
Dwarf 2,360
Stableboy,361
Meereenese freedman,362
Aegon II Targaryen,363
Harlon the Hunter,364
Mighdal,365
Drogo,366
Ghiscar (dragon),367
Dorna Lannister,368
Clarenzo,369
Baratheon soldier (Mother's Mercy),370
Child of the Forest 4,371
Ronnel Arryn,372
Shella Whent,373
Rhaenys Targaryen (sister of Aegon I),374
House Darry,375
Shadow (snow bear),376
Sellsword 1 (High Sparrow),377
Samuel Paul Small,378
Baratheon Guard,379
Jodan,380
Wights,381
Braavosi Madam,382
Unidentified Warlock,383
Loboda,384
Dreamfyre,385
Eunuch,386
The Beast,387
White Walkers,388
Michael Hough,389
Petyr Baratheon,390
Penn,391
House Baratheon of Storm's End,392
Lannister bannerman 2 (The Ghost of Harrenhal),393
Cedric Umber,394
Asher Forrester,395
Mummer 2,396
Gryff Whitehill,397
Assassination on the Red Keep,398
Battle of Winterfell (War of the Five Kings),399
Captain of the archers (House Lannister),400
Street tough 2,401
Urzen,402
Massacre in King's Landing,403
Baratheon officer,404
White Walker (The Door),405
Stark soldier (Valar Morghulis),406
War of the Five Kings,407
Gendry Waters,408
Red Woman,409
Garth Gardener,410
Flayed man,411
Dying man,412
Trial by combat,413
Great Master 7,414
Mother of Dragons,415
Lancel Lannister,416
Nelugo,417
Rhaenys Targaryen (Queen Who Never Was),418
Red Priest,419
Viola Redwyne,420
Jason McLaughlin,421
Vivian Cerwyn,422
Baratheon (son of Robert),423
Young Bravo,424
Tommen II Lannister,425
House Tully (Histories & Lore),426
House Gardener,427
Child of the Forest 2 (The Children),428
Beggar woman,429
Tragedy of Summerhall,430
House Clegane,431
Colen of Greenpools,432
Sweetrobin Arryn,433
The Sack of King's Landing (Complete Guide to Westeros),434
Horned Lord,435
Waif,436
Great Master 3 (Kill the Boy),437
House Qorgyle,438
Bran I the Broken,439
Skinchanging,440
Sera,441
Great Master 3 (Breaker of Chains),442
Boake,443
Dickon,444
Rorge,445
Gared's Father,446
Colen,447
Bending the knee,448
Goldcloak 2 (Eastwatch),449
Boat commander,450
Brienne of Tarth,451
Borros Baratheon,452
Male prostitute,453
Jacaerys Velaryon,454
Robin Arryn,455
Whore (The Smith),456
Tyrell lady,457
Ellaria Sand,458
Wight,459
Emilio Doorgasingh,460
Benedict Blackmont,461
Gold Cloak 2 (The Wolf and the Lion),462
Targaryen,463
Tyrell server,464
Mallister supporter,465
Tywin,466
Temple of the dosh khaleen,467
Mhaegen,468
Viserys II Targaryen,469
Bolton soldier 1,470
Morgan (Two Swords),471
Clegane (founder),472
Bran the Broken,473
Mandon Moore,474
Zanrush,475
Hollys Umber,476
Walder Frey,477
Lysa Baelish,478
Daenerys Targaryen (daughter of Aegon IV),479
Street tough 1,480
Brandon Stark (the elder),481
Elissa Forrester,482
Sellsails,483
Martell,484
Raymont Baratheon,485
King of the Iron Islands,486
Daniel Rabin,487
Barbrey Ryswell,488
Laygood (knight),489
Illyrio Mopatis,490
Volantene whore 1 (The Broken Man),491
Daeron I Targaryen,492
Drogo and Daenerys Targaryen,493
Legitimization,494
Sera Durwell,495
Florian,496
Bloodraven,497
White Walker (Spencer Wilding),498
White Walker (The Dragon and the Wolf),499
"Prophecies, visions, and dreams",500
Summer,501
Drowned priest,502
Other,503
Othell Yarwyck,504
Bedding ceremony,505
Sam (Gilly's baby),506
White Walker (Winter Is Coming),507
Salladhor Saan,508
House Stark,509
Leader of the Council,510
Bald Dragonstone servant,511
Abduction of Lyanna Stark,512
Kurleket,513
Eddard and Catelyn Stark,514
The Mad King,515
Mago,516
Maria Laird,517
Owyn Cotter,518
Tommard Karstark,519
Brandon Stark,520
Three-eyed Raven,521
Stiv,522
Louis Suc,523
Gared's sister,524
The Riverlands (Histories & Lore),525
Little Bird 2,526
Syrax,527
Arrax,528
Theon Stark,529
Podrick,530
Fury gunnery officer,531
Lannister guardsman (The Kingsroad),532
Loren I Lannister,533
Damon Lannister,534
Dwarf 1,535
Galbart Glover,536
Ser,537
Lannister captain,538
Sellsail,539
Silver,540
Robert Arryn,541
Wolkan,542
Targaryen Conquest,543
House Casterly,544
Cragorn,545
Terrence Toyne,546
Gared,547
Great Master 2 (Breaker of Chains),548
Valyrian,549
Tournament announcer,550
Willem Wylde,551
Jacks,552
Harwyn Hoare,553
Anya Waynwood,554
Wedlock,555
Melessa Florent,556
Mad King,557
The Blackfish,558
Cersei I Lannister,559
Lord of Bones,560
Captain of the archers (House Bolton),561
Foreign merchant,562
Shagga,563
Catelyn,564
Alicent Hightower,565
Martin Walsh,566
Lord of Light,567
Sellsword (High Sparrow),568
Baratheon soldier (The Dance of Dragons),569
Lannister soldier 1 (Dragonstone),570
Morag Umber,571
Maggy the Frog,572
Maekar Targaryen,573
Erryk,574
Warg,575
Viserys Targaryen,576
Nail,577
Cassana Baratheon,578
Thin man,579
Elyo Grivas,580
Varys,581
Winged Knight,582
City Watch,583
Second Siege of Riverrun,584
Dothraki,585
Elissa Branfield,586
Son of the Harpy,587
Citadel archmaester 1 (Eastwatch),588
Selyse,589
Jonquil,590
Prince,591
House Bolton,592
Monica Baratheon,593
Ray,594
Farmer,595
Davos Seaworth,596
Robert I,597
Serving girl,598
Mord,599
Carl Prekopp,600
Weyland,601
Greens,602
Euron,603
Sarra Frey,604
Qhorin,605
Conquest of Dorne,606
Thenn Warg,607
Karl Jackson,608
Bear,609
Jack,610
Vhagar,611
Septon (The Rains of Castamere),612
Prince of Dragonstone,613
Rhaena Targaryen,614
Mummer (Joffrey Baratheon),615
Sean Buckley,616
Whore (The Mother),617
Greensight,618
Joffrey Dayne,619
Frances,620
Dickon Tarly,621
Tyrell Server,622
Viserys I Targaryen,623
Sandhu,624
Whites,625
Casper,626
Stark guard 2 (The Old Gods and the New),627
Rhaegar,628
Rhogar,629
Barristan Selmy,630
Daniel Tuite,631
Willas Bracken,632
Aeron,633
Clea,634
Daario Naharis,635
Olyvar Frey,636
Daemon Blackfyre,637
Garth the Gardener,638
Kyle Royce,639
Kinvara,640
Mazin (Lord),641
Grazdan mo Eraz,642
Corin Umber,643
Bernadette,644
Paul Bentley,645
Dorna Swyft,646
Frey soldier 2,647
Caraxes,648
Tragedy at Summerhall,649
Smiling Knight,650
Bianca,651
Luthor Tyrell,652
Bolton,653
Baseborn,654
Prince Oberyn,655
Criston Cole,656
Maynard Umber,657
Baratheon soldier 1,658
Starks,659
Lyman Beesbury,660
Erryk Cargyll,661
Whitehill soldier 4,662
Tullys,663
Warlocks of Qarth,664
Eaton,665
Derrock,666
Red Priests,667
Tommen Baratheon,668
Old woman,669
Bernarr II Justman,670
Cley Cerwyn,671
Lyanna Stark,672
Lewyn Martell,673
Captured wight,674
Andros,675
Aerion Targaryen,676
Brandon Stark (the Builder),677
Vermithrax,678
Rhaegel Targaryen,679
Lannister captain (Home),680
Torrhen Stark,681
Essovius,682
Renly Baratheon,683
Talisa Maegyr Stark,684
Jasper Arryn,685
Jon Stark,686
Little Sam,687
Grey Worm and Missandei,688
Little Bird 6,689
Sellswords,690
Bolton officer,691
Moro's bloodrider 2,692
Elia Martell,693
Rhaella Targaryen,694
Lucifer Dryland,695
Amory Lorch,696
Grey Wind,697
Edmure,698
Battle of the Gullet,699
Hound,700
Robar II Royce,701
Warrior women,702
Littlefinger,703
Farlen,704
Arya stark,705
Brothel child 2,706
Recast characters,707
Yezzan zo Qaggaz,708
Manfred Hightower,709
Dirk,710
Munkun,711
Pat McGrath,712
Dawn,713
Martell (daughter of Mors),714
First Blackfyre Rebellion,715
Yorick V Yronwood,716
Lodos,717
Karl Tanner,718
Mandy,719
Queen,720
Lannister torturer,721
House Baelish (Histories & Lore),722
Moro's bloodrider 1,723
Bobono,724
Catelyn Tully,725
Brothel guard,726
Frey guard,727
Barth,728
Lannisters,729
Xena Avramidis,730
Mira Forrester,731
Jasper Wylde,732
Ghost,733
Grenn,734
Osric Stark,735
Cheyk,736
Aya,737
Wildling,738
Izembaro,739
Old man,740
Mern IX Gardener,741
R'hllor,742
Tyrell guard (The Gift),743
The Night King,744
Ebrose,745
Will,746
Brandon Umber,747
Emilia Umber,748
Endrew Tarth,749
Vorian Dayne,750
Larys Strong,751
Riverrun traveller,752
Glamor,753
Wun Weg Wun Dar Wun,754
Morghul,755
Imry,756
Wight Walkers,757
Samantha McEwan,758
The Kingsmoot (Histories & Lore),759
Costumes: Beyond the Wall,760
Aerys II Targaryen,761
Braavoshi Captain,762
Peter Ballance,763
Gold Cloak 1 (Eastwatch),764
Bran I Stark,765
Trystane Martell,766
War of the Four Kings,767
Petyr Karstark,768
House Umber,769
Boros Blount,770
Lothor Brune,771
Assassination at the Red Keep,772
Thorren Forrester,773
Silent Sisters,774
Errold Holt,775
Kieran,776
Jon Umber (Smalljon),777
Daemon I Blackfyre,778
Moro (son of Mengo),779
Maynard (High Septon),780
Tyland Lannister,781
Orphan kid,782
Faith Militant 2,783
Donnel Waynwood,784
Branfield (Lord),785
Bolton (son of Roose),786
White walkers,787
High Sparrow,788
Rhoynar,789
Maelys Blackfyre,790
Blackfish,791
Lordship,792
Damon Marbrand,793
Mad King Aerys (Complete Guide to Westeros),794
Rhaegar Targaryen and Lyanna Stark,795
Daragh Umber,796
Master Eaton,797
Ser Jorah,798
Freerider,799
Lollys Stokeworth,800
Akrat,801
Dorian Hightower,802
Brotherhood Member,803
Qano,804
Margaery Tyrell,805
Brothel Smith goddess,806
Akho,807
Dorea Sand,808
Jonothor Darry,809
Rhaenys Targaryen (daughter of Rhaegar),810
Daario,811
Syrio Forel,812
Ormund Baratheon,813
Wyllis Bracken,814
Queen Cersei,815
Wildlings,816
Baelor I Targaryen,817
Melara Hetherspoon,818
Stark guard 2 (A Man Without Honor),819
Stark soldier 1,820
James McHale,821
Stalwart Shield,822
First Men,823
Margaery's handmaiden,824
Baelish (founder),825
Viserys III Targaryen,826
Night's Queen,827
Bear Island maester,828
Singing Lannister soldier,829
Finn,830
Wendel,831
The Bastards of Westeros (Histories & Lore),832
Aegon Targaryen (son of Aenys),833
Water Dancer,834
Loren Lannister,835
Blood (Former Gold Cloak),836
Arya Stark,837
Tim Landers,838
Jason Lannister,839
Musician 1 (The Lion and the Rose),840
Sellsword 2 (High Sparrow),841
Qyle Corbray,842
Tanda Stokeworth,843
Dragon,844
Drummer,845
Little Bird 5,846
Stark guard (The Pointy End),847
Tortured prisoner,848
Vardis Egen,849
Goldcloak 1 (The Wolf and the Lion),850
Othor,851
House Frey,852
Lyonel Baratheon,853
Gold Cloak 2 (Lord Snow),854
Stark messenger,855
Black Walder Rivers,856
Barbrey Dustin,857
Heward,858
Gordy,859
Bastards,860
Locke,861
Iggo,862
Hugh,863
Egg,864
Talisa Stark,865
Lyonel Tyrell,866
Gendry,867
Daeron II Targaryen,868
Whore (Breaker of Chains),869
Stokeworth (Lord),870
Mors Martell,871
Herndon of the Horn,872
Cedric Forrester,873
Riverlands refugee,874
Damon Morrigen,875
Morgan (season 6),876
Prince Oberyn Martell,877
Reece Noi,878
House Justman,879
Others,880
Meereenese homeless mother,881
Elizabeth Webster,882
Goldcloak on the Kingsroad,883
Dance of the Dragons,884
Vance Corbray,885
The dead,886
Jafer Flowers,887
George Appleby,888
Daenerys,889
Maynard,890
Sparring boy,891
The Spider,892
Gold Cloak on the Kingsroad,893
Brienne,894
House Tyrell,895
Dhoshkhaleen,896
Myranda,897
Timett,898
Tazal,899
Wineseller,900
Hugh of the Vale,901
Ashford (Lord),902
Great Master 3,903
Oznak zo Pahl,904
Lannister soldier 2 (Dragonstone),905
Samwell Stone,906
Mag the Mighty,907
Captain of the Archers,908
Danelle Lothston,909
Wylis,910
Rhaego,911
Britt,912
Mirri maz duur,913
Wun Wun,914
Blood,915
Quorro,916
Edmyn Tully,917
Ethan Forrester,918
Giant (Valar Dohaeris),919
Howland Reed,920
Camello,921
Lomas Longstrider,922
Flowering,923
Baratheon general,924
Bran,925
Theon Greyjoy,926
Stonesnake,927
Alerie Hightower,928
Moro's wife 1,929
Great House,930
Goldcloaks,931
Stark officer 1,932
Orys Baratheon,933
Bathhouse prostitute,934
Victarion Greyjoy,935
Marlin Dormund,936
Targaryen madness,937
Knights,938
Rattleshirt,939
Gared Tuttle,940
Rodrick Forrester,941
House Reyne,942
High Septon (Robert's Rebellion),943
Qhogo,944
Minisa Whent,945
Dongo,946
Bastard of Winterfell,947
Caulfield (Lady),948
Law and Customs,949
Whitehill Soldier 1,950
Robb Stark,951
Despondent man,952
Stygg,953
Rat cook,954
Tobho Mott,955
Hugh Hammer,956
Ornela,957
Beric,958
Harren Hoare,959
Tristan Mudd,960
Max Laird,961
Mengo,962
Tully (son of Edmure),963
Danaerys,964
Second Sons (mercenary company),965
Whitehill Lieutenant,966
Myk,967
Greyjoy Rebellion (Histories & Lore),968
Thirteen member,969
Asha,970
Reginald Lannister,971
Brandon the Builder,972
Bolton guard (The Laws of Gods and Men),973
Aegon IV Targaryen,974
Orwyle,975
Feudalism,976
Goldcloak 2 (The Wolf and the Lion),977
Clegane,978
Arryn,979
Aenys I Targaryen,980
Mag Mar Tun Doh Weg,981
Mychal Baratheon,982
Volaric,983
House Tarly (Histories & Lore),984
Gendry Baratheon,985
Molly Stone,986
Aelinor Targaryen,987
The Bastards of Westeros,988
Frostfinger,989
Blood (horse),990
Vermax,991
The Hound,992
Baelish (hedge knight),993
Shiera Seastar,994
Umber,995
Loras,996
Lannister guard 2,997
Whore (The Crone),998
Philip Philmar,999
Little Bird 7,1000
Talla Tarly,1001
House Manderly,1002
Baratheon,1003
Rickard Stark (King),1004
Duncan,1005
Ghita,1006
Guymon,1007
Qhored Hoare,1008
Alliser Thorne,1009
Dorian Hightower's first wife,1010
Biter,1011
Musician 4 (The Door),1012
Direwolves,1013
Escan,1014
Dragonpit summit,1015
Gendel,1016
The Harpy,1017
Kaeth,1018
Lorimer,1019
Argella Baratheon,1020
Mycah,1021
Savo,1022
Salt wives,1023
Black Walder Frey,1024
Rhaena Targaryen (daughter of Aegon III),1025
Ward,1026
Beric Karstark,1027
Krysten Coombs,1028
Fighting pit announcer,1029
Ironborn 1 (The Door),1030
Whitehill soldier 3,1031
Chivalry,1032
Lead Kingsguard,1033
Brightroar,1034
Meereenese prostitute,1035
Child of the Forest (The Children),1036
Torgold Tollett,1037
Ebbert Whitehill,1038
Robert,1039
Daario Naharis and Daenerys Targaryen,1040
Jhiqui,1041
Rhaenys Targaryen,1042
King's Landing flasher,1043
Margaery,1044
Raymun Redbeard,1045
Dorren Stark,1046
Harker,1047
Davos,1048
Tom,1049
Jon Umber (Greatjon),1050
Joss (A Golden Crown),1051
Sam,1052
House Martell (Histories & Lore),1053
Dim Dalba,1054
Selwyn Tarth,1055
Child of the Forest 3,1056
Sally,1057
Yohn Royce,1058
Garth Greenhand,1059
Wylla,1060
Brusco bouncer,1061
Northern Lord,1062
Lhara,1063
Dean Whatton,1064
Orphan kid 2,1065
Cersei Baratheon,1066
Jogos Nhai,1067
Little Moon,1068
Dontos,1069
Bronn of the Blackwater,1070
Masha Heddle,1071
Dierdre Monaghan,1072
Samwell Tarly and Gilly,1073
Knight of House Lynderly,1074
Kayla,1075
House Durrandon,1076
Viserion,1077
Mercenary,1078
Qhorwyn Hoare,1079
Wyman Manderly,1080
Jason Mallister,1081
Loras Tyrell,1082
The Death of Kings,1083
Gatins,1084
Jon Snow,1085
War of Five Kings,1086
Regicide,1087
Lowell,1088
Black Lorren,1089
Stark guard (The Old Gods and the New),1090
Doreah,1091
Axell Florent,1092
Old Nan,1093
Jack Bulwer,1094
Tansy,1095
Lord of Winterfell,1096
High Septon (War of Conquest),1097
Lymond Hightower,1098
Jon Umber,1099
Helaena Targaryen,1100
Fat Walda,1101
Bastard's girls,1102
Sunfyre,1103
Great Master 4,1104
Garibald Tarwick,1105
Marriage,1106
Jaime Lannister,1107
Cotter,1108
Dany,1109
Mara Karstark,1110
Rossart,1111
Willem,1112
House Baratheon,1113
Gilly,1114
Hugor of the Hill,1115
Theresa Baratheon,1116
Craster's younger wife,1117
Croft,1118
Great house,1119
Marianne Frey,1120
Mirelle,1121
Visenya,1122
Dwarfism,1123
The Smith (whore),1124
Elder slave,1125
The Seven,1126
Whitehill Soldier 3,1127
Hallis Mollen,1128
Silverwing,1129
Maelor Targaryen,1130
Steffon,1131
Leo Woodruff,1132
Faull,1133
Nina Yndis,1134
Weasel,1135
Kitty Frey,1136
Red God,1137
Gelmarr,1138
Ygritte,1139
Willas Tyrell,1140
Children of the Forest,1141
The Mountain,1142
Forrester-Whitehill conflict,1143
Graces,1144
House Caron,1145
Talisa Maegyr,1146
Bethany Bracken,1147
Obara Sand,1148
Torrhen Karstark,1149
Bryan,1150
Tormund,1151
Qhorin Halfhand,1152
Reek,1153
First Mate,1154
Wounded Lannister,1155
Last dragon,1156
Thoros,1157
Lann,1158
Maester Luwin,1159
Jenny of Oldstones,1160
Tyrek Tallhart,1161
Ch'Vyalthan,1162
Berrican Karstark,1163
Brienne Tarth,1164
Craster's wife 3 (Oathkeeper),1165
Bloodsong,1166
Gender and Sexuality,1167
Yara,1168
Showdown at the Red Mountains,1169
Cormac McDonagh,1170
Myriah Martell,1171
Olenna Tyrell,1172
Aegon Blackfyre,1173
Daemon Targaryen,1174
Unnamed son of Edmure and Roslin Tully,1175
Frey,1176
Ethan Glover,1177
Innkeeper's daughter,1178
Yoren,1179
Aeron Greyjoy,1180
Tommen,1181
Sick maester,1182
Kesh,1183
Alerie Tyrell,1184
White Walker (Beyond the Wall),1185
Bethany Redwyne,1186
Musician 3 (The Door),1187
Sera Flowers,1188
Lobor,1189
Serra Frey,1190
Great Master 1,1191
Sybelle Glover,1192
Slavery,1193
Rylene Florent,1194
Rodrik Flint,1195
Dreams,1196
Walda Frey (grandniece of Lord Walder),1197
Leaf,1198
New prostitute,1199
Marlon of Tumblestone,1200
Waldra Frey,1201
Rape,1202
Craster,1203
Walder Frey (Black),1204
Laurence Doherty,1205
Brandon,1206
Bobby B,1207
House Reed,1208
Joyeuse,1209
Warrior woman,1210
Obella Sand,1211
Seven,1212
Thenn warg,1213
New Gods,1214
Characters significantly changed between books and TV series,1215
Deziel Dalt,1216
Gerardys,1217
Glenmore (Lord),1218
Billy,1219
Tortured slave,1220
Dragonpit Summit,1221
Lucerys Velaryon,1222
Longclaw,1223
Tyrion,1224
Scolera,1225
Lann the Clever,1226
Dwarfs,1227
City Watch of King's Landing,1228
Karstark soldier 2,1229
Laenor Velaryon,1230
Sylvi,1231
Stannis,1232
Simon Toyne,1233
Falyse Stokeworth,1234
Wibberley (Lord),1235
Stevron Frey,1236
Qotho,1237
Barristan,1238
Viserys II,1239
Hoster Tully,1240
Assassination of Ethan Forrester,1241
The Miller's Wife,1242
Blackfish Tully,1243
Lucy Gallagher,1244
Goldcloak 1 (Lord Snow),1245
Musician 3 (The Lion and the Rose),1246
Therrond,1247
Dylan McDonough,1248
Eon Hunter,1249
Alysanne Targaryen,1250
Baratheon soldier 2,1251
Genna,1252
Kear Umber,1253
The Last War,1254
Daenerys Stormborn,1255
Princess,1256
Fat Walda Frey,1257
Mummer 3,1258
Oldtown (Histories & Lore),1259
Thoros of Myr,1260
Griffin King,1261
Joyeuse Erenford,1262
Maege Mormont,1263
Talitha Luke-Eardley,1264
Maron Greyjoy,1265
Archmaester (Eastwatch),1266
Duncan Tuttle,1267
Slave (Oathkeeper),1268
Joffrey Velaryon,1269
Free Folk,1270
Duncan the Tall,1271
Aenar Targaryen,1272
Jaehaerys I Targaryen,1273
Joyeuse Frey,1274
Joe,1275
Mully,1276
Bears,1277
House Targaryen,1278
Whore (The Maiden),1279
Greyjoy,1280
Slaves,1281
Alistair James,1282
Gordo,1283
Jon Lynderly,1284
Wex,1285
Humfrey Beesbury,1286
Lannister Captain,1287
Axel Tully,1288
Khal Moro's wife 1,1289
Balerion,1290
Olyver,1291
Medger Cerwyn,1292
Elboneno,1293
Faith of the Seven,1294
Qhono,1295
Needle,1296
Sandor Clegane,1297
Cotter Pyke,1298
Uthero Zalyne,1299
Pono,1300
Dothraki widow 3,1301
Edmure Tully,1302
Dragons (Histories & Lore),1303
Tyrell,1304
Artys Arryn,1305
House Staunton,1306
Giant,1307
Osha,1308
Braavosi prostitute,1309
Mace Tyrell,1310
Balon Swann,1311
Katie Creaven,1312
The Kingsguard (Histories & Lore),1313
Trial by battle,1314
Unsullied 1 (Oathkeeper),1315
Great Houses of Westeros,1316
Lommy Greenhands,1317
Giant (The Watchers on the Wall),1318
Orys I,1319
The silver,1320
Ironborn in skiff,1321
Arthur,1322
Jorah Mormont,1323
Derek,1324
Master Torturer,1325
Dwarf,1326
Sissy,1327
Varly,1328
Lem Lemoncloak,1329
Colloquo Votar,1330
Visenya Targaryen,1331
Belicho Paenymion,1332
Quarterman,1333
Aegon III Targaryen,1334
Dark Sister,1335
Bowen,1336
Elsera Snow,1337
Arya,1338
Onion Knight,1339
Erena Glover,1340
Dothraki pit fighter,1341
Harlan Hoare,1342
Staunton (Lord),1343
Wilding,1344
Samwell Tarly,1345
Gorne,1346
Euron Greyjoy,1347
Ned Umber,1348
Urrigon Hightower,1349
Palla,1350
Wuese Houston-Jibo,1351
The sight,1352
Braavosi madam,1353
Nathanael Saleh,1354
Treason,1355
Targaryen conquest,1356
Emmon Cuy,1357
Lommy,1358
Seasmoke,1359
Lords and lordship,1360
Eustace,1361
Britt Warrick,1362
Baelor Targaryen,1363
Ralf Kenning,1364
White Walker 2 (Beyond the Wall),1365
Richard Lonmouth,1366
Snow bear,1367
Namond,1368
Rickon,1369
Unnamed miller's wife,1370
Rancer,1371
Rhodri Miles,1372
Wyl (House Stark),1373
Cassana,1374
Maegor Targaryen,1375
Rhaegar Targaryen,1376
Dontos Hollard,1377
Wildling female,1378
The Prince That Was Promised,1379
Aron Santagar,1380
Jaime,1381
Little Bird (You Win or You Die),1382
Raymond Griffiths,1383
Argalia,1384
Bruni,1385
Aegon IV,1386
House Branfield,1387
Valyrian sword smith,1388
Citadel maester,1389
Nymeria Sand,1390
Cersei's black-haired son,1391
Braavosi Prostitute,1392
Little Bird 3,1393
Aegon Targaryen (son of Rhaegar and Elia),1394
Duff,1395
"Joss (Unbowed, Unbent, Unbroken)",1396
Quillion,1397
Harys Swyft,1398
Small council,1399
High Septon (Before the riot of King's Landing),1400
The Nations of the North,1401
Karlon Stark,1402
Whitehill soldier 2,1403
Stormcloud,1404
Whore (The Warrior),1405
Winter town man,1406
Axel Baratheon,1407
Rast,1408
Brusco,1409
High Septon (After the Riot of King’s Landing),1410
Argella Durrandon,1411
Arwaya Frey,1412
Male Lannister prisoner,1413
Shireen Baratheon,1414
Gold Cloak 1 (The Wolf and the Lion),1415
Viserys,1416
Tickler,1417
Vala,1418
Simon Strong,1419
Stuart Martin,1420
Knighthood,1421
Lady of Winterfell,1422
Arryns,1423
Daenerys Targaryen,1424
Allana Tyrell,1425
Marillion,1426
Great Bastards,1427
Dothraki warrior (Book of the Stranger),1428
Malleon,1429
Sweetrobin,1430
Jaehaerys Targaryen (son of Aegon II),1431
Eldrick Sarsfield,1432
Royce IV Bolton,1433
Ternesio Terys,1434
Petyr Baelish,1435
Brandon I Stark,1436
Roslin Frey,1437
House Lannister (Complete Guide to Westeros),1438
Aegon I,1439
Great Master 6,1440
Simon Norbury,1441
Orphan kid 1,1442
Theomar Smallwood,1443
Temple of the Dosh khaleen,1444
Hostage,1445
The red,1446
Addam Velaryon,1447
Musician 2 (The Lion and the Rose),1448
Calla,1449
King,1450
Night King,1451
Lannister guard 1,1452
Blood (former Gold Cloak),1453
Haggo,1454
Gared's father,1455
Tywin Lannister,1456
Zorses,1457
Aemon Blackfyre,1458
Lannister Captain (Home),1459
Walder Rivers,1460
Qyburn,1461
Temmo,1462
Stark guard (Man Without Honor),1463
Slave (Breaker of Chains),1464
Roose Bolton,1465
Brynden Rivers,1466
Catacomb master,1467
Ulf the White,1468
Baratheon General,1469
Volarik,1470
Drogon,1471
Renly,1472
Nan,1473
Grey Worm,1474
Crossroads inn patron 2,1475
Robar Royce,1476
Lannister soldier 2 (The Dragon and the Wolf),1477
Goatherd (The Children),1478
Joss Stilwood,1479
Bannen,1480
Torrhen Whitehill,1481
Robb,1482
Silk King,1483
Rodrik Stark,1484
Vorkoy,1485
Gwyn Whitehill,1486
Lady Crane,1487
War of the Usurper,1488
Giant 2,1489
Little Bird 1,1490
House Tarth,1491
The Eunuch,1492
Fionn Kernan,1493
Balkus,1494
Matt Littler,1495
Tonci Banov,1496
Dagmer,1497
Red priest,1498
Qartheen woman,1499
Lothar Frey,1500
Alannys,1501
Miller's wife,1502
Regan Karstark,1503
High Septon (Faith Militant uprising),1504
Olly,1505
Shaggydog,1506
Faith Militant 1,1507
Mary Jordan,1508
Wedding,1509
Jon Karstark,1510
Missandei,1511
King's Landing whore,1512
Lynesse,1513
Jhogo,1514
Bolton general,1515
Karstark soldier 1,1516
Denys Mallister,1517
Leygood (knight),1518
Elaena Glenmore,1519
Aemma Arryn,1520
Wendel Manderly,1521
Rhaena Targaryen (son of Aenys),1522
Derek Horsham,1523
White Walker (Valar Morghulis),1524
Wildling chieftainess,1525
Greatjon Umber,1526
Brandon Stark (son of Rickard),1527
Byron Swann,1528
Xaro Xhoan Daxos,1529
Arthur Dayne,1530
Fall of Winterfell,1531
Lysa Arryn,1532
Lannister scout,1533
Walder Frey (Black Walder),1534
Cersei,1535
Rickard Morgryn,1536
Gerald,1537
Jojen,1538
Sam Tarly,1539
Derwa Frey,1540
Bran Stark,1541
House Dustin,1542
Drowned Priest,1543
Little Bird 4,1544
Bowen (Squire),1545
Belgrave (Lord),1546
Loso,1547
Moelle,1548
Lucan (Telltale),1549
Adrack Humble,1550
Warlock,1551
Chella,1552
Olenna Redwyne,1553
Oswell Whent,1554
Queen of the Iron Islands,1555
Jhaqo,1556
Willem Darry,1557
Tregar Ormollen,1558
Unnamed Warlock,1559
House Arryn,1560
House Baratheon of Dragonstone,1561
Widow's Wail,1562
Aggo (The Red Woman),1563
Matthos,1564
Parley in King's Landing,1565
Serwyn Errol,1566
Lyarra Stark,1567
Robb and Talisa Stark,1568
Talia Forrester,1569
Aegon Targaryen (son of Rhaegar and Lyanna),1570
Quenton Qoherys,1571
Dothraki woman having sex (Book of the Stranger),1572
Imry Florent,1573
Karl Whitehill,1574
Lannister,1575
Small Council,1576
Eddard,1577
Jorah,1578
Baelor the Blessed,1579
Dolf,1580
Dunk,1581
Walda Frey (Fat Walda),1582
Aegon I Targaryen,1583
Kovarro,1584
Lannister soldier (The Prince of Winterfell),1585
Naerys Targaryen,1586
Brusco Bouncer,1587
Dalton Greyjoy,1588
Whore (The Stranger),1589
Rodrik Forrester,1590
Riot of King's Landing,1591
Lois Winstone,1592
Member of the Thirteen,1593
Tomard,1594
Red priestess,1595
Maegor III Targaryen,1596
Walda Frey (grandniece),1597
House Cassel,1598
Walter Whent,1599
Luwin,1600
Katrina Umber,1601
Commander of the Second Sons,1602
Dothraki man having sex (Book of the Stranger),1603
Sansa,1604
Frey (founder),1605
Quent,1606
Tytos Lannister,1607
Queen of Thorns,1608
Wounded Lannister soldier,1609
Tanselle,1610
Vickon Greyjoy,1611
Durran Godsgrief,1612
Cressen,1613
Targaryens,1614
House Tully,1615
Irri,1616
House Mudd,1617
Farmer (Breaker of Chains),1618
Jaremy Rykker,1619
Gold cloak 2 (Eastwatch),1620
Balon Greyjoy,1621
Cultures and Peoples,1622
Captain of the Bolton archers,1623
Winterfell Shepherd,1624
Morgryn,1625
Elia Sand,1626
Great master 3,1627
Karl,1628
Roslin Tully,1629
House Baratheon of King's Landing,1630
Tycho Nestoris,1631
House Glover,1632
Bolton soldier 2,1633
Portan,1634
Johnna,1635
Stannis Baratheon,1636
Khal Drogo,1637
Janos Slynt,1638
Rhalko,1639
Lead Dornish guard,1640
Bran the Builder,1641
Lead Dornish Guard,1642
Leyton Hightower,1643
Bedding,1644
Mazor Alexi,1645
Bastard of Bolton,1646
Brynden Tully,1647
House Blackmont,1648
Halder,1649
Hobb the Hewer,1650
Marston Waters,1651
Smitty,1652
Whitehill Soldier 4,1653
Marlon,1654
Tyrion Lannister and Shae,1655
Prophecy,1656
Mummer (Eddard Stark),1657
Three-Eyed Raven,1658
Flynn,1659
Arryk Cargyll,1660
Brant,1661
Preston Greenfield,1662
Paxter Redwyne,1663
The Dothraki,1664
Cersei and Jaime Lannister,1665
Forzho,1666
The Drowned God,1667
Rogar Bolton,1668
Ros,1669
Maegor I Targaryen,1670
Robett Glover,1671
Pod,1672
Em Scribbler,1673
Mad King Aerys,1674
Elaena Targaryen,1675
Garin the Great,1676
Tourney herald,1677
First King,1678
Waymar Royce,1679
Lancel,1680
Rickon Stark,1681
Catelyn Stark,1682
Whore (The Stranger,1683
Renly Baratheon and Loras Tyrell,1684
Norren,1685
Lhazareen,1686
Crossroads Inn patron 1,1687
Maron Martell,1688
Septs,1689
Ned,1690
Shireen,1691
The Kingsmoot,1692
Amaya,1693
Benjen,1694
Brothel Smith Goddess,1695
Prophecies,1696
Joffrey,1697
Eddard Stark,1698
Sight,1699
Salt wife,1700
Mercenaries,1701
The Lord of Light (Histories & Lore),1702
Tyrell servant,1703
Warlocks,1704
White Walker 1 (Beyond the Wall),1705
White Walker (Oathkeeper),1706
Brotherhood Without Banners (Histories & Lore),1707
Drunk Man,1708
The Waif,1709
Harkon Umber,1710
Corlys Velaryon,1711
Orell,1712
High Priest of R'hllor,1713
Catspaw assassin,1714
Harry Grasby,1715
Dorne (Histories & Lore),1716
Great Master 1 (Kill the Boy),1717
House Greyjoy,1718
Nissa Nissa,1719
Theo,1720
Orys I Durrandon,1721
Assassinations at the Twins,1722
Bowen (squire),1723
Westerosi trader,1724
Lannister spearman,1725
Qorro,1726
Knight,1727
Mink,1728
Lannister bannerman 1 (The Ghost of Harrenhal),1729
King on the Iron Throne,1730
Lion's Tooth,1731
Amarylis Umber,1732
Lannister messenger,1733
Alannys Greyjoy,1734
Leo Lefford,1735
The Tickler,1736
Nettles,1737
Royal Steward,1738
Tully bannerman (No One),1739
Winterfell shepherd,1740
Cleos Frey,1741
Rennick,1742
Hog farmer,1743
Oathbreaking,1744
The Shepherd,1745
Argilac Durrendon,1746
Geoff,1747
Street tough,1748
Mossador,1749
Gyles Rosby,1750
Ludd Whitehill,1751
The Faith Militant (Histories & Lore),1752
Great Master 2,1753
Goldcloak 1 (Eastwatch),1754
Edgar Yronwood,1755
Lady Whitehill,1756
Brea,1757
Gawen Glover,1758
Eyrie guard,1759
Barristan the Bold,1760
Sheepstealer,1761
Eglantine,1762
Eddison Tollett,1763
Aegon III,1764
Asha Greyjoy,1765
Walda Frey (The Rains of Castamere),1766
The Sight,1767
Waldron Frey,1768
Theon greyjoy,1769
Citadel maester (The Winds of Winter),1770
Argilac Durrandon,1771
Styr,1772
Fegg,1773
The North (Histories & Lore),1774
Jeyne Arryn,1775
Zhako,1776
Rhaegal,1777
Mirri Maz Duur,1778
Martell (Daughter of Mors),1779
Neyela Frey,1780
Dwarves,1781
Harald Karstark,1782
Joramun,1783
House Hoare,1784
Christopher Nelson,1785
Ortengryn,1786
Innkeeper,1787
Razdal mo Eraz,1788
Older Knight at the Eyrie,1789
Mikken,1790
Rhaella,1791
Jeor Mormont,1792
Stannis I Baratheon,1793
Ser Pounce,1794
Meereenese fighter,1795
Sansa Lannister,1796
Sarella Sand,1797
Night's Watch Officer 2,1798
Jane McGrath,1799
Harrion Karstark,1800
Septa Eglantine,1801
Tyrell bannerman,1802
Craster's final son,1803
Clydas,1804
Stark guard 1 (A Man Without Honor),1805
Wildling elder,1806
Bessy,1807
Captain's daughter,1808
Orson Lannister,1809
Pypar,1810
Hallyne,1811
Rakharo,1812
Areo Hotah,1813
Attendant (The Winds of Winter),1814
Maelys the Monstrous,1815
Cohollo,1816
Aerys II,1817
Blackfyre Rebellion,1818
Alys Karstark,1819
Whore (Mother of Dragons),1820
Munro Graham,1821
High Priestess of the Dosh Khaleen,1822
Domeric Bolton,1823
Osmund Kettleblack,1824
The Faith Militant,1825
Dragons,1826
The Kingsguard,1827
Norvoshi pit fighter,1828
Meryn Trant,1829
Dagmer Cleftjaw,1830
The Sack of King's Landing,1831
Whitehill soldier 1,1832
Lannister bannerman 1,1833
Catacomb Master,1834
Borba,1835
Darius Dar Khan,1836
Brandon Stark (Son of Rickard),1837
Desmond Crakehall,1838
Craster's last son,1839
Robert Baratheon,1840
Tyene Sand,1841
Aegon's Landing,1842
Giants,1843
Ironborn,1844
Septa Mordane,1845
Argilac the Arrogant,1846
Wallen,1847
Damien,1848
Aegon V Targaryen,1849
Godwyn,1850
Mern Gardener,1851
Braavosi Captain,1852
Bron,1853
Stark guard (A Man Without Honor),1854
Vaull,1855
Lord Baelish (father of Petyr),1856
Ahko,1857
Cersei Lannister,1858
Jaehaera Targaryen,1859
Myrcella Baratheon,1860
Man of House Bracken,1861
Josera Snow,1862
Gregor Clegane,1863
The River Rhoyne,1864
Stark Officer 2,1865
Aegon Targaryen (son of Rhaegar),1866
Red Priest (The Red Woman),1867
Robin,1868
Tyraxes,1869
Jeyne Poole,1870
Daemon Sand,1871
Stark guard (Fire and Blood),1872
Dwarf 4,1873
Sack of King's Landing,1874
Valyrian steel dagger,1875
Arson Iceaxe,1876
Lord,1877
Mole's Town whore,1878
Great Master 2 (Kill the Boy),1879
War of the Ninepenny Kings,1880
Lord Paxter Redwyne,1881
Daenerys Targaryen's war for Westeros,1882
Brenock O'Connor,1883
Karsi,1884
Arson,1885
Brozho,1886
Aegon the Conqueror,1887
Musician 2 (The Door),1888
Protestor,1889
Lu Corfield,1890
Direwolf,1891
Showdown at the Tower of Joy,1892
Azor Ahai,1893
Assassination of Renly Baratheon,1894
Lord Varys,1895
Incest,1896
Septon (Valar Morghulis),1897
Vermithor,1898
Sharra Arryn,1899
Yunkai'i whore,1900
Lannister soldier 3 (Dragonstone),1901
Maekar I Targaryen,1902
Bastardy,1903
Daeron Targaryen (son of Aegon V),1904
Riddell,1905
Tysha,1906
Nymeria,1907
Dwarf hunter 1,1908
Pentoshi servant,1909
Royland Degore,1910
Drowned God,1911
Robert's Rebellion (Histories & Lore),1912
Hot Pie,1913
Lynesse Hightower,1914
Silent sisters,1915
Kinslaying,1916
Aemon,1917
Arax,1918
Alannys Harlaw,1919
Garrison Fowler,1920
House Westerling,1921
Bastard,1922
Helliweg,1923
Lannister soldier (The Dragon and the Wolf),1924
Tyrion littledick Lannister,1925
Three-eyed crow,1926
Brothel child 1,1927
Bolton man 1,1928
High Priestess of the Dosh khaleen,1929
Walda Bolton,1930
Aegor Rivers,1931
Willem Lannister,1932
Morgan,1933
Arryk,1934
Duncan Targaryen,1935
Westerosi trader (The Broken Man),1936
Frey soldier 1,1937
Steve,1938
Morgan's friend,1939
Sorcerer,1940
Melessa Tarly,1941
Bert,1942
Meraxes,1943
Dyanna Dayne,1944
House Dayne,1945
Gold Cloaks,1946
Last War,1947
Denner,1948
Archonei,1949
Braavosi woman 2 (The Door),1950
Forzo,1951
Fury gunnery captain,1952
Talisa,1953
Arys Oakheart,1954
Prendahl na Ghezn,1955
Meghan,1956
Tom (Telltale),1957
Zala,1958
Lordsport dockhand,1959
Lyanna Stark and Rhaegar Targaryen,1960
Bharbo,1961
Nameday,1962
Jaehaerys Targaryen,1963
Aggo (The North Remembers),1964
Greenseer,1965
Denner Frostfinger,1966
Tess,1967
Lannister bannerman 3 (The Ghost of Harrenhal),1968
Brahm Gallagher,1969
Dying man (Mockingbird),1970
Borcas,1971
Whitehill Soldier 2,1972
Danny O'Connor,1973
Sand Snakes,1974
Ice,1975
Meleys,1976
House Marbrand,1977
Olyvar,1978
Musician 1 (The Door),1979
Shae,1980
House Martell,1981
Simpson,1982
Bessie,1983
Aemon Targaryen,1984
Braavosi Water Dancer,1985
Daemon II Blackfyre,1986
Harlen Tyrell,1987
Rhaena Targaryen (daughter of Aenys),1988
Kraznys mo Nakloz,1989
Stark guard 1 (The Old Gods and the New),1990
Pylos,1991
Polliver,1992
Marq Rankenfell,1993
Second Son,1994
Aemon Targaryen (Dragonknight),1995
Alton Lannister,1996
Rodrik Greyjoy,1997
Echiel,1998
Young bravo,1999
Peremore Hightower,2000
Serena Blackfyre,2001
Balian,2002
Daisy,2003
Hizdahr zo Loraq,2004
Citadel archmaester 2 (Eastwatch),2005
Gwayne Gaunt,2006
Oberyn Martell,2007
Differences in the status of women between books and TV series,2008
Unidentified Mummer,2009
The Lord of Light,2010
Dosh khaleen,2011
Shirei Frey,2012
Whitehill (Lady),2013
Goatherd (The Laws of Gods and Men),2014
Actor playing Joffrey Baratheon,2015
Gray Worm,2016
Greizhen mo Ullhor,2017
Bolton man 2,2018
Dayne (son of Davos),2019
Tyrell Servant,2020
Snow bears,2021
Eddie,2022
Copper King,2023
Quorin Halfhand,2024
Oberyn,2025
Jaqen H’ghar,2026
Gray Wind,2027
Podrick Payne,2028
Elenei,2029
Talia Branfield,2030
Smalljon Umber,2031
Rickard Stark,2032
Brandon Stark (Breaker),2033
Mummer (Margaery Tyrell),2034
Steffon Baratheon,2035
Dothraki man having sex,2036
Military officer,2037
Harren the Black,2038
Blackfyre,2039
Slave master,2040
Mordane,2041
Great Master 5,2042
Red Priestess (High Sparrow),2043
Dareon,2044
Ethelide Baratheon,2045
